1,110753
2,989945
2,989945
3,782935,,65d1e4ce4670f.zip,,
3,337070,,660593ad0105c660593ad01062660593ad0106378f9f4b1d3de21a5eb464010cb982ce8e471c0792bec655c441d82f2d5dc39e6660593ad01064660593ad01065660593ad01066ccb1eefe2c274a91c8dcb434f7fbdcb1.png,,
4,789578,,65d1e4ce4670f.zip,,
5,238441,,65d1e4ce4670f.zip,,
6,748054
7,261653
7,261653
8,767402
8,446817
9,995821
9,987376
10,307880
10,225816
11,076013
12,384619
13,545416
14,893239
15,611017
16,046009
17,809062
18,246298
19,427604
20,830049
21,946251
22,338560
23,877756
24,000556,,660d9e6743ba3660d9e6743ba6660d9e6743ba767d6065a621544d28f525d9effb349dcf878ebc1ab0488c061d8cbd914477007660d9e6743ba8660d9e6743ba9660d9e6743baaaa8c01577f6d150f087c993484f2b93a.txt,a,inappropriate_content
25,739966,,660d9e6743ba3660d9e6743ba6660d9e6743ba767d6065a621544d28f525d9effb349dcf878ebc1ab0488c061d8cbd914477007660d9e6743ba8660d9e6743ba9660d9e6743baaaa8c01577f6d150f087c993484f2b93a.txt,a,inappropriate_content
26,742190,,660d9e6743ba3660d9e6743ba6660d9e6743ba767d6065a621544d28f525d9effb349dcf878ebc1ab0488c061d8cbd914477007660d9e6743ba8660d9e6743ba9660d9e6743baaaa8c01577f6d150f087c993484f2b93a.txt,a,inappropriate_content
27,891980,,660d9e6743ba3660d9e6743ba6660d9e6743ba767d6065a621544d28f525d9effb349dcf878ebc1ab0488c061d8cbd914477007660d9e6743ba8660d9e6743ba9660d9e6743baaaa8c01577f6d150f087c993484f2b93a.txt,a,inappropriate_content
28,076348,,660d9e6743ba3660d9e6743ba6660d9e6743ba767d6065a621544d28f525d9effb349dcf878ebc1ab0488c061d8cbd914477007660d9e6743ba8660d9e6743ba9660d9e6743baaaa8c01577f6d150f087c993484f2b93a.txt,a,inappropriate_content
29,283041,,660d9e6743ba3660d9e6743ba6660d9e6743ba767d6065a621544d28f525d9effb349dcf878ebc1ab0488c061d8cbd914477007660d9e6743ba8660d9e6743ba9660d9e6743baaaa8c01577f6d150f087c993484f2b93a.txt,a,inappropriate_content
30,153839,,660d9e6743ba3660d9e6743ba6660d9e6743ba767d6065a621544d28f525d9effb349dcf878ebc1ab0488c061d8cbd914477007660d9e6743ba8660d9e6743ba9660d9e6743baaaa8c01577f6d150f087c993484f2b93a.txt,a,inappropriate_content
31,495244,,660d9e6743ba3660d9e6743ba6660d9e6743ba767d6065a621544d28f525d9effb349dcf878ebc1ab0488c061d8cbd914477007660d9e6743ba8660d9e6743ba9660d9e6743baaaa8c01577f6d150f087c993484f2b93a.txt,a,inappropriate_content
32,492192
33,517335,a@a.com,665f4c0e35cfc665f4c0e35d01665f4c0e35d03a0286f04724a82ccfa39df8341ba2c29d58f1bfcfd1c636929188bdd1afb2671665f4c0e35d04665f4c0e35d05665f4c0e35d06a62d370d3285b1dbbad90dfc79903eb1.png,a,inappropriate_content
34,095126,a@a.com,665f73c2e2c26665f73c2e2c2b665f73c2e2c2ca0286f04724a82ccfa39df8341ba2c29d58f1bfcfd1c636929188bdd1afb2671665f73c2e2c2d665f73c2e2c2e665f73c2e2c2f2c7c023a7201dad852e1a608f215f303.png,a,inappropriate_content
35,233958,a@a.com,665f73cfe8726665f73cfe872a665f73cfe872ba0286f04724a82ccfa39df8341ba2c29d58f1bfcfd1c636929188bdd1afb2671665f73cfe872c665f73cfe872d665f73cfe872e2db61a4171db63a47b83be635be0fac7.png,a,inappropriate_content
36,582405,a@a.com,665f73dbd3ced665f73dbd3cf2665f73dbd3cf3a0286f04724a82ccfa39df8341ba2c29d58f1bfcfd1c636929188bdd1afb2671665f73dbd3cf4665f73dbd3cf5665f73dbd3cf60ab174445203eafa39955d7e919d932d.png,a,inappropriate_content
37,191400,a@a.com,6660c4938363a6660c493836416660c49383642a0286f04724a82ccfa39df8341ba2c29d58f1bfcfd1c636929188bdd1afb26716660c493836446660c493836456660c49383646d456bb0e30f15c3609cc0e14e4361862.png,a,inappropriate_content
